Date,Auto,Energy,FMCG,Infra,IT,Media,Metal,Pharma,Realty,Banking
2024-12-03,28.81770441315886,23.27137696925652,22.785802869424366,32.701219559180736,80.31216410033282,70.1313410068302,24.550604938441683,32.3408613681213,54.62340894934174,62.36810247311543
2024-12-04,24.183562661423046,22.066160808801776,24.540870485365037,33.783712733503826,84.40425278308305,79.44906284696377,28.555797182745707,35.38124807490092,62.32386889213291,67.64712147930626
2024-12-05,32.373844962062634,29.880537232920606,26.138322148565702,43.70751355937371,89.39406007938109,84.31957922047931,37.24412390457773,38.4589710368197,66.96648051172377,71.75726052213294
2024-12-06,38.21592801318243,31.1854554501936,26.78109000492528,47.99200531670786,83.23165086771131,82.1950996829743,41.90156209645951,44.26124159906974,66.60535338405153,71.04414858902668
2024-12-09,37.21285691491137,28.49541693280334,29.39015924049019,48.21431473204866,84.47384223536986,76.90740293789491,44.629919603154484,40.18595698831025,69.4883818552131,68.12469993039846
2024-12-10,43.66105740647467,33.24812046287847,24.190761494884185,53.452825588704165,86.61787449136436,80.03624314067727,51.77162086297527,38.506191530605896,74.68485256500487,73.64528405559578
2024-12-11,43.23220606069113,31.619043340301374,24.307502618343445,52.68177103273991,86.98747200817705,74.03039384016228,44.789510842597714,33.99609442283326,73.04934663737849,69.41785740080289
2024-12-12,47.255766550923425,27.60875170772027,20.486121200309977,48.876141569170265,91.24798826670192,67.45759917146711,44.82619762531988,37.882352394769335,70.6362729372629,61.60597388933435
2024-12-13,47.93479518047664,28.860924116145853,20.920255458313957,53.56901342441853,94.95558641897671,59.189465266272265,42.31075182092968,39.74229803662727,69.99950790576361,66.89626853039292
2024-12-16,49.32763599441169,26.461553418897886,23.526311691608377,49.15175933356164,100.0,58.28652899756088,39.523577793837894,34.90484329543353,77.04827119340102,69.34407900121862
2024-12-17,40.94667871263772,18.939295552358328,21.518055005914764,39.14781770437161,99.20974105414972,58.20073639833466,32.95564392664265,30.81829173006198,75.51626455589337,64.5208566137155
2024-12-18,40.8320654944472,23.797385643380238,26.408241240016224,44.83422941090457,99.97669877269608,57.06846922048698,33.14942167526498,38.02836445079615,80.27429797322802,61.28120913004962
2024-12-19,36.076205074432636,18.912810034739024,27.99150831334566,43.07144790959639,97.47426215342709,56.353816417620095,22.525329589717284,47.16191257200033,77.93557552115574,52.080197612661074
2024-12-20,26.8765217269771,8.134758816900437,25.21843799973777,26.47109453509615,82.59424811823294,50.11345799406916,13.614783915413875,41.067488721085255,65.08608638041939,48.716041110007666
2024-12-23,29.27790325874156,14.150600737294946,32.574358871476726,32.32827640505251,83.35663306613542,48.28724711061292,23.685531195364206,47.84072361189319,70.37463816244951,53.84962453952041
2024-12-24,31.34087294751658,18.888041444538068,33.99163180758835,35.74406652443715,80.20433432144188,53.01780642489881,23.887462056321993,47.48591398748852,76.12366959276,55.709634509303775
2024-12-26,35.09708279619567,20.930805466677345,35.71397587548991,40.212819392834184,76.2658308122898,51.95166870464851,26.025193180590417,53.97565940596864,76.26919764357598,52.104915820435224
2024-12-27,44.12904120460946,23.38327734879413,43.45412437388358,41.36980849197554,75.40607646328,53.45778681454105,26.11705464063993,61.965573702546365,73.80631671423224,56.60734633433733
2024-12-30,45.68220155033691,26.193429061570956,46.42289883764253,43.190311175847086,77.63718707641428,53.48531688608785,29.51231339482005,72.15742407008696,76.29121500279302,60.43135020030375
2024-12-31,44.25893207442939,30.512130932582675,54.90605459812707,45.41440251050449,73.61793296055383,46.99989382228264,31.078119971203975,76.1590412347291,73.90658424874758,58.86726260665633
2025-01-01,41.446103622935084,32.67639568054499,48.725970647428454,45.6228541276943,78.94630677609354,49.992929392112195,24.64782957422359,80.3865120001509,72.19783162306945,57.72094861280724
2025-01-02,53.648435829870245,38.38258077352452,54.11826663714269,54.82735847372556,82.17903131951817,44.414523921192036,28.854907599286754,76.29051462984243,68.67348809938922,57.696655090136
2025-01-03,56.687726510366964,48.0359611630577,61.39492798373779,58.047898467922685,76.92740798990695,55.702920566840255,35.588808255765834,71.24562042084932,64.96173992601094,54.53883967591246
2025-01-06,47.014841604466966,32.539526251488724,46.42616859617655,36.58899872165215,71.32317012370076,51.33961454820005,24.036387875839093,66.9285490029045,53.722989684365075,46.137050400209986
2025-01-07,45.64970895236218,33.30608328054173,44.6059948729585,31.31363222090473,68.10017712873818,51.209871751318545,27.490779428815237,66.39658716034016,51.65618489774669,41.945592967194
2025-01-08,48.28001491579485,35.91643712702094,42.4373037349311,34.689052634644895,66.97078282279007,46.98477945004442,24.25562005449903,66.34279574694955,51.19128035745988,38.934593232413214
2025-01-09,46.74795258805966,24.119120411116192,47.493979951894126,27.19449402003579,64.78919589605599,43.03019380022254,18.576384919393988,66.51291380456146,45.99268253497194,36.79926357338711
2025-01-10,46.78923985960249,18.20943630743685,44.61106464156612,24.002536339294036,78.81386245662945,31.266433083094846,13.539696397383446,58.03576870855396,39.011428634991,31.42387577880028
2025-01-13,35.80591732294078,3.362157660521664,39.6428872095348,5.350432951081442,75.81962430106574,16.607224086045306,0.9108307313649937,40.803289964839706,26.91091020247786,27.93909434972321
2025-01-14,40.01017107956054,13.249505519422526,32.343270987574705,7.812334260306016,68.31536777295365,22.407484803219777,10.677421076670463,43.03166655838784,22.52179328268028,34.07680587596425
2025-01-15,36.516964698411684,12.643111481922276,34.46801522860305,8.684978785407175,69.53168498006104,12.129319503417623,7.839603087622048,39.00354926724909,25.630018045270592,30.797399709072454
2025-01-16,41.158122783485645,20.03073160456868,34.84467393845932,17.213521302851156,67.17335546924839,11.343435798919959,13.682912284811824,37.92717806166318,22.822134326910273,31.133198687847845
2025-01-17,39.41036247508054,24.505851285316545,38.7073501654313,23.670128205520548,56.52772947453012,13.118141038354997,16.95836882415076,41.811326744498054,27.26664200171681,24.328873763511183
2025-01-20,33.31312148129474,27.16845274665968,35.68087915689313,25.579391517442946,57.09530604762833,15.84493354128906,16.03672720550735,43.713180294748945,28.183170657491658,30.757529335898653
2025-01-21,31.527228255215583,22.84421600888613,47.180459912568686,17.411302766291332,54.20299920928483,18.114882728847913,12.228437580867201,41.09176145599824,19.22182106319677,26.814123114564236
2025-01-22,30.169946446318413,18.927322470671896,44.82242927629564,16.275714300591172,57.113590370641354,14.331631152492767,8.243096756025384,43.65496481642559,5.349959457567142,25.45603193648854
2025-01-23,32.82076567178171,20.949066101402323,44.76716319712242,18.055089927989265,60.85808335687353,19.462002679228902,9.468802342095325,49.678184696664054,6.774152954334321,25.38769014321903
2025-01-24,30.096944306547673,17.14164123109904,53.50923011268001,16.77594943466591,60.15550651089108,18.17405795274235,5.759521951161601,41.59256509845633,2.288627246792625,24.774877699504554
2025-01-27,27.346395287775543,8.015990618354806,46.14821652763076,4.707688167321471,50.9734516008441,8.097313493028182,0.0,32.997176655866525,1.8863206137138206,22.660681112909522
2025-01-28,30.96173384815661,4.168934164981075,44.1431285696065,4.376154406316876,51.40683997125325,0.0,1.1199910552627068,20.169521502044766,0.0,27.803336885384944
2025-01-29,39.197519785939775,15.258657214821891,39.69985178418776,12.713521414031865,58.23727565623784,5.782182052183674,10.521320054705265,29.534853843011337,5.317581180945416,32.03431327186485
2025-01-30,39.04064016178447,22.90860028831162,41.498985507129724,19.972150904358234,53.849893152037964,7.558863269678051,13.283448331328987,29.439663015211586,8.988481697735985,36.40788621875407
2025-01-31,45.048094386352915,34.046057604233724,51.73117496500845,27.881981843383745,57.081856994321,10.751854980240847,18.59146007971218,20.348064491773762,13.225036881215344,39.36672143991334
2025-02-01,50.88242999919947,39.90109606415518,54.86277387869338,36.65759101389353,62.30650370394804,14.213559669475243,22.508071520204883,22.481748292833483,20.375557575701023,43.345608682534845
2025-02-03,59.982225634160514,19.777788392207768,59.160212991166794,18.023076238315316,60.7935893196654,21.03166284382762,11.25723423515944,20.652729694498724,24.979610794188908,37.74574692978477
2025-02-04,58.9798865801605,27.019442647436225,51.97625391185875,28.992028705403445,63.84035462318154,22.628315111041633,17.867846760053634,27.112385408542277,25.328584723327403,43.57303243282511
2025-02-05,55.9938759157382,31.48915860503008,45.749979401965355,28.421380239509663,64.12605953414914,32.05768004283105,23.210933524187695,26.92971351465665,21.114097099173026,46.36316148481402
2025-02-06,50.22315871087727,30.290900142228928,40.10849104192752,27.70679634722109,65.28945362042136,29.25032453125194,23.910300492311904,25.42857495332867,18.065134087224983,47.20161959522511
2025-02-07,57.174181995634484,29.273127735771393,30.72119091323753,31.24226352257031,62.661192323719014,30.744125071390492,35.87717575955126,22.061768298315222,21.14189872949895,47.24924147627521
2025-02-10,52.01613935707653,18.552762220139215,28.477172389080234,25.44264923196158,65.00753350867137,25.087667060499662,26.656154223622895,11.445877775668054,16.36452337888735,48.340810710470414
2025-02-11,45.63741638988194,12.564573461315826,21.444612884913745,19.5204684632024,61.93657260360435,18.752935604256287,22.392133620243985,3.7158455551849907,10.853433338151804,44.95825244932959
2025-02-12,27.03750260922819,7.874735626921056,16.599696286315602,13.066832532901792,56.17035687573272,18.793625780027856,23.86407167881424,1.9008555274420402,6.247230628329311,45.26810193930344
2025-02-13,25.130581379927154,4.89139523998909,9.743311676078081,12.26794374213161,56.311178052599274,14.620864006417683,25.95275970166445,11.95738493058288,8.690770349315896,47.4037518218821
2025-02-14,26.830993626771395,7.084397484696275,16.360150478246062,16.297848619041126,55.65439973399112,11.234293891348369,28.842177987995804,0.41006235626076015,9.911486083349413,51.425326202925945
2025-02-17,25.124595260755108,4.792238838083816,14.942500880920523,13.149077481036592,56.258725591115045,5.856282916710417,27.6596698930139,4.3611363199345,8.579788900397247,50.68080438801687
2025-02-18,24.611896091884276,6.192317857521985,7.948815701174391,14.682847557729598,57.19638498829105,5.994070066421252,29.698816428941115,5.516714119647012,9.193702508091167,52.24844984254725
2025-02-19,24.70067472390167,17.10068349583898,0.9078288445162946,22.409985031935946,55.781016389709094,11.76039434170283,37.04459391903085,4.1039607203809485,17.750737725677993,57.52881025663731
2025-02-20,33.27510589737385,30.994952493146343,3.256395711596056,33.519117327675744,47.046105369267686,24.13333192146721,48.29724338667974,12.14083516181441,25.205053240191884,60.97792155414516
2025-02-21,32.64103761286069,39.990667394916656,5.529827530134627,42.57737616131404,47.911915740234114,32.29399012357738,62.31554528694235,11.49435718709768,34.7067407156008,62.011452836335366
2025-02-24,28.523150412359783,26.875480511562372,17.489051574720342,31.535029967869015,46.46223875937107,23.029781696514398,44.639664936199694,7.617994746352304,33.050864803304684,56.283617939194464
2025-02-25,32.36404274311446,21.63995199500813,20.455390518547347,23.795577220177677,42.95295915442228,28.95775991178356,39.03228504758983,8.859087806498744,27.277328610167718,55.492976724248834
2025-02-27,24.950965544937112,12.968300131818594,20.362911465293386,15.929131787412565,43.49302983182813,18.34126539789846,36.09889025822441,9.777731649286238,21.760552382639094,53.259791044594465
2025-02-28,13.592248812908089,2.446814932080101,3.4051025660331407,0.0,39.918493330895146,9.372133880239009,29.660275056895756,0.0,17.5556209907434,58.27070333967313
2025-03-03,16.960245061280393,0.0,5.907612595699653,0.8590092836627485,40.90258876898828,4.0241864486048184,30.720950678397923,0.4332036449296307,19.50439366936222,50.83369670012867
2025-03-04,16.599309072606765,8.517792634378928,3.646401153393092,7.7963869396616925,40.59299152545436,13.817663130578477,33.95900012736385,3.372200552408872,27.632345699951788,55.98785979074585
2025-03-05,26.268143107660396,23.985264298955343,10.696157155311404,22.24025382864504,40.81279536375933,27.392729227963986,49.212714241902816,6.906023554986785,42.10493459220198,56.46012695108483
2025-03-06,24.375978274823353,30.134301080359933,14.153006850316658,27.437295208676343,36.47457726413617,25.443148419321542,54.12251600017608,6.593041148935333,38.91917529906001,57.289906586894034
2025-03-07,30.33342927686245,36.6997939591772,10.850628617800995,32.73100235488183,33.027719512422586,37.11563355328394,57.72603337577408,14.29423648940625,40.231218084595575,56.402958288107406
2025-03-10,28.20735119509915,39.54056101102928,14.155403088508953,34.75286001486706,39.59254659874351,48.1249898646383,63.3466778413442,22.310076897702505,37.29400285526661,55.57175076078299
2025-03-11,22.760826513500657,46.85253064792767,16.522393210219562,40.07380982775043,40.28237500265051,50.96008374721179,66.570311718063,33.53483569751194,41.42306934954577,46.80038858510443
2025-03-12,20.420497925152016,41.35708141451663,20.45205752621841,38.43748860531974,26.929654701232046,40.55874649132231,60.01792728535719,29.09746561987826,32.161198908072784,47.69146350066089
2025-03-13,18.71219164060425,37.008108040513996,17.711227341887113,32.92701109196752,28.739655674955642,40.41829401926949,58.37090040254442,24.181008519418885,25.54004664192227,47.97891865727764
2025-03-17,16.757877944919876,30.09332674017739,7.593402342156749,26.402467015565577,27.914657069336375,36.68798178036288,57.101703605923774,31.453095277231913,20.955636029277294,48.70817506945292
2025-03-18,23.550180136941965,34.35770041422667,12.409360973924874,29.46490671339176,29.39946873453,45.504961496521794,62.506585937706596,36.903852074776054,26.562329311870357,54.52107147547811
2025-03-19,17.212419717839563,58.56247730332061,2.2157146163574932,53.47268564410592,28.117357529332498,42.95687944498629,75.33732171068763,40.462689884290235,26.53741255608782,59.699047179377494
2025-03-20,19.73286065400425,53.99078618979046,10.937444731861744,49.49463567307076,28.413723808108486,45.06108817897822,74.08068802539066,37.72176347305354,28.79691825560257,56.14099672512584
2025-03-21,21.32764300908327,53.57411288555802,19.068396457820608,54.94896443256444,27.54358823678804,46.00836751957951,67.3060318756864,40.67521644797015,34.27624257413531,57.589514264296206
2025-03-24,26.042969738209543,60.454735077036446,24.53720325190177,64.94219442988353,29.396188726648546,46.98721720493612,70.70334007289922,39.66905637171616,41.10602800129081,64.28378559728785
2025-03-25,20.323262284762386,58.08800465839924,29.838790427713157,62.324292218819956,33.44318632246133,45.345908480128024,58.509346793328355,33.945597444855046,38.23662355080708,65.55304930791925
2025-03-26,25.528745192353014,62.62542197737477,31.444103289929963,64.77494310251892,32.64377266192028,44.579509367464354,65.27376971302364,38.00216672713573,41.10880143737793,63.632289747403156
2025-03-27,27.83644685629553,73.88977598184015,40.82874310394595,74.60578889841376,37.1309290807014,55.341755672589144,71.07947721872628,42.812501839647176,49.18194510301821,68.18604296977009
2025-03-28,26.666972206555005,74.26648348021216,44.779986966760596,74.14131953460382,33.700460785936066,48.78106683350134,67.00061889176669,41.79153226579643,51.27040614944506,67.62998163699497
2025-04-01,28.378856684517345,73.08586671457175,46.541174385740284,73.28680586256061,30.390126515850106,55.27087089233469,63.33290504094151,29.7650155377293,43.210995048363344,65.00374095710242
2025-04-02,34.13138666962424,81.9831759098012,51.456675050748025,79.63815704978103,31.034622601541468,65.24517996391603,69.85331231218498,44.213226130661,53.46456984488348,68.99904677623782
2025-04-03,32.24787552767448,81.44401438128953,54.72004961277801,80.59471106823061,21.38625507175388,70.3051057081676,65.15324067051894,49.23461494463283,52.9661104104252,69.84163712333725
2025-04-04,26.278991466058294,67.77090118352737,61.09351491495191,66.62725455799446,10.23586836645174,64.47725642010532,44.79997794012945,34.789602101694214,45.50542842524507,72.6747338388383
2025-04-07,16.101370580246336,56.37373442137742,60.99694242378626,51.3001011624315,8.797153674936453,51.807541728413675,21.43613550256442,28.65177038821975,31.21463853649436,60.43930758613287
2025-04-08,16.041661222731957,53.43797482209659,69.5968388124947,54.23618251060406,13.282463167902197,60.82563293397533,19.159934464303994,36.449607339602615,33.48164969218211,65.2126279286131
2025-04-09,25.098028045539618,51.85531952453556,81.48232949236586,55.26523149550169,9.311842155041395,60.36340538177131,11.228641768019298,34.76654031755462,31.931383326902463,65.78057590968687
2025-04-11,28.273910996332408,62.971877756091665,79.83849989191363,68.52107304437298,15.435805739194283,65.25884477873021,28.567920024219333,42.44613544830352,33.883271633551765,70.01248896531355
2025-04-15,36.34017415351512,71.25745872914372,76.56287349480034,80.01183640351492,20.11536308971832,69.33087398227033,41.66600692268384,53.1520348251393,47.95570820370197,77.82469476305003
2025-04-16,39.66388290577832,78.9656666900292,84.32089957427932,84.30963419372995,20.97978178703468,83.73513133505203,40.79806563839789,52.88339726342135,53.0342578673637,81.5505928518609
2025-04-17,53.04338711669514,86.75687950081033,94.65644158962859,98.41810062895908,28.72718550867779,90.90322301685222,43.05952497939297,62.75204914379927,54.9146373187425,88.0409181768803
2025-04-21,58.676464274853025,95.00840325062448,86.55663782109451,100.0,32.184043818034674,95.70900285962574,45.116630436079234,65.06912810788747,56.77048852282452,95.93803617901962
2025-04-22,64.32275560588262,90.59079089272088,100.0,96.05297598567543,32.53500642655736,89.85204141407142,44.200870395077516,68.03633176661866,61.795976825983786,97.01963046731346
2025-04-23,64.43904567320992,83.38758800917321,96.1678246266143,89.00654235450308,39.05747097383125,81.69192081705116,34.80529313312912,68.4680380271125,60.04224960554172,93.6244523289004
2025-04-24,62.12149609324944,77.01222463955159,86.21464296141576,81.82096199486425,38.53089680021774,80.53205823666613,29.216358780058414,68.46962423075634,57.916770009192554,93.36270309834961
2025-04-25,56.2870872686418,69.05566302479193,84.6958493615994,72.95476735000092,42.86777580293211,67.5261760734713,21.762236813068608,60.21046415742121,54.58699158017946,91.82249258731669
2025-04-28,64.68111763991197,79.34245135787074,81.34945308869791,86.26164736709505,42.171235506894654,69.29816898994429,27.83803624320736,70.24110385470142,61.06653265862326,97.19031587659298
2025-04-29,65.12774599634784,76.6005972476296,80.828148732393,82.49137665630427,47.282920830926024,67.43567533894016,23.45550825799554,63.8518497823543,52.44461317334541,100.0
2025-04-30,63.67235586898805,73.67602851733807,80.51276153912343,84.84756427408145,53.39384488111298,65.27312355781696,24.204863781821942,64.15666013001685,60.083298602847414,96.3463259378079
2025-05-02,66.88730487336794,72.8938286997877,78.81464146938622,88.0342521404598,55.04247299956641,70.73992903797897,24.435105683740467,61.11807668985746,62.57232620561501,96.37882452446705
2025-05-05,70.61994437742406,75.79794072850905,86.76038089371384,94.82986107637547,56.02699068205874,74.43946611294119,25.41612821927759,57.13218626793074,65.06127899766955,92.93349922767837
2025-05-06,65.18986934248353,63.2198451379425,82.74394229697488,87.47765868021602,53.77868722884623,62.12688355422446,17.810521665803417,47.35501453455569,52.554447931351255,83.64503086622415
2025-05-07,70.07705037086774,59.96707153142521,82.49354603984634,79.26775510950223,56.8279439450758,62.43337274595704,17.06178996921663,43.825808949218064,49.15441940679433,83.14273858986871
2025-05-08,60.039074320212706,53.20945734397857,73.12387609256189,68.89383320271862,55.71585372112771,61.1620744455579,8.335254675102226,34.42311591622277,42.49426264029656,81.36945774331753
2025-05-09,59.00287523401032,47.54094082105615,71.04536898677276,60.567386512759924,55.808809876560716,59.48829500150508,11.01377604567609,29.414224409485236,36.1372220241266,74.17735559925198
2025-05-12,65.61910394514123,55.49098986858186,79.11471809729986,68.8677212673784,68.5715688737353,66.3309501825251,26.309035140483928,24.329838509213186,45.13216726289087,75.6643692537044
2025-05-13,67.0125464411911,59.77190633886242,74.79121575090798,68.01274954234248,59.76746388431455,76.66855242092538,28.968830304848797,35.30156141026913,47.69515464356269,75.53310644006612
2025-05-14,68.61933253626178,67.06729364928624,74.40715615629178,71.71749102133333,65.30613330320139,85.84097922331398,37.14596529879674,40.017337150004806,53.54574671332606,75.73397843194634
2025-05-15,78.01205489396776,64.1543050985811,73.16903872766865,74.94499191513798,66.26332118673662,85.39780707005295,39.858659541075795,44.07638712347469,54.47955543986945,75.26060247426759
2025-05-16,82.97199436240228,68.24939088438154,72.90509610073777,74.59921258049016,67.57775933455801,94.44632091347589,41.5266558095242,46.13185861018418,60.98744746226979,74.75902315677479
2025-05-19,84.14208748462254,70.3542615555017,74.43586442241453,75.54876675464305,69.57879540021209,85.61994093085794,43.4606328990262,54.876317740968425,71.85564389411284,79.28186908891928
2025-05-20,75.63265708648267,67.79452933947044,65.29639621890847,71.24739404846913,67.37005317724379,81.88886583312777,41.33116851628112,47.33315880704371,63.84552031881982,74.70095662047679
2025-05-21,81.30090931069272,68.01549542791737,64.98864997248855,70.47298258957755,78.87809839059176,79.27798574121738,44.77580439307315,42.498112273636224,67.23610111849236,72.7658933994986
2025-05-22,86.392266441011,77.83945957279043,55.66530074906696,80.20903405485265,83.40616640810656,89.96189962196928,63.26205058121253,54.80718563949245,73.1340566006075,71.65070541739335
2025-05-23,95.82428472434272,86.88317008588133,63.008347006377306,94.88767379299918,89.50441680963067,98.91401096559245,83.28956432111225,60.48454045291696,83.36947237640113,81.01268290312318
2025-05-26,95.38024768513588,85.45451360940834,60.41678763970949,89.52579866816917,87.81536196012952,89.07451125191253,82.8291429933872,55.783615264374006,81.43264486990812,79.53464603762276
2025-05-27,93.29795582774622,89.30982462804803,47.54972124272821,88.33763017439618,91.47141313838779,92.85116250542644,86.68671078388643,65.38436655027996,87.48395215778247,80.57537516814074
2025-05-28,85.86770643748991,81.50836175626999,39.228308578495295,80.01393181838213,91.57289759474556,92.57258264398837,73.23917538855744,54.12601676859117,85.7398156116269,78.2117962748137
2025-05-29,77.96059317182772,76.51421300172704,40.04890958779952,72.16807860175706,90.71658519002007,86.84355154380032,68.78863721385872,51.3138648728357,77.68081002216157,71.68073230957653
2025-05-30,76.67201925745259,72.21354876423943,34.16407021128432,69.65832793367115,88.17872000144564,82.38882041982004,62.68956839902147,49.863837940029256,75.02111785827822,68.67282765637775
2025-06-02,75.26956619531356,70.83172169549816,38.13125903122751,64.17281451254027,87.71860070860937,84.10678471065576,60.80432914845569,45.41969434957351,80.06922357555959,64.81481127400531
2025-06-03,69.06118400684302,59.56683193176604,43.13422811586995,57.0633499065385,81.58443282672215,84.35286252882517,55.4083777755455,41.76261426670215,79.20600425715595,57.67775735502171
2025-06-04,68.90141190291497,62.81531142167645,34.30032592085996,64.24300214769276,84.04656968663568,84.5949890276976,56.873642193399775,40.78484294368246,73.62651862922397,56.17033286717709
2025-06-05,60.30289402537298,61.51615034787902,32.89769341006006,64.18656180265117,74.40167589854521,84.5739489940184,56.648950190797606,40.59670055193278,76.1227817105517,58.83959872038641
2025-06-06,65.09307789823123,61.511092058831565,37.5854397337208,66.39969167246747,75.11534447558503,79.721373702524,61.10396261799175,35.05789686043924,88.55067445671597,64.12752780095677
2025-06-09,71.5764785592805,72.8949514710856,40.68564216804127,77.44702002036166,75.12771899933783,89.01425792401542,69.12153434258256,46.93551270978432,93.72535263159169,67.99965519413746
2025-06-10,67.04925598468665,69.72808723129879,43.79136075106892,68.57731695484941,81.76825186587318,91.62674266098371,67.44244222609039,43.33520530735284,89.24886131401453,63.11317085792808
2025-06-11,68.27595307714432,71.89469351920704,41.40910249744182,69.5854889110492,82.24640815302078,93.64889583161897,69.84324550877731,50.7492087973551,89.37940156405264,61.399469584720535
2025-06-12,62.97175497326501,67.61131427828222,36.45327485527432,61.683495810227605,80.8337802414128,98.64934655053376,66.10558566975274,48.80903465677828,80.79444529362404,62.085530937014845
2025-06-13,62.87814437143231,67.45887564824399,33.223563026657416,58.236169452913714,81.02186351960084,98.56332507272612,65.80508701196777,50.82117690592328,81.92453449679957,58.78580881771062
2025-06-16,56.25262240797596,64.87743584754568,28.965702443439035,56.52398356569839,84.08713476929213,97.98036946927694,65.79657506533164,48.599336640377935,82.82983278136751,62.41602837526903
2025-06-17,53.49073762227818,71.61638191454743,27.85362450611929,58.73121336999543,86.84911038681825,100.0,63.8737334080072,44.67769739867479,88.64222594501796,65.30540965902303
2025-06-18,49.054924015097626,67.65266776350336,27.708521486656807,57.98735081972873,84.72820023150669,93.51926042534518,59.40250099686344,45.78678849578584,84.73322112119796,64.49609957176698
2025-06-19,56.974035608783765,68.33768142122523,30.36664813594,60.53737448873865,81.02759732344418,87.08157454991256,60.85750593514084,48.33380864065694,85.65840871600975,62.90319529826254
2025-06-20,58.859509051649454,71.47226537109582,34.386047443136384,70.35994051504352,82.51322510834169,83.51202471423386,62.603667611464566,50.24124863655849,94.26950261020754,69.59958602305014
2025-06-23,48.52980175367057,60.713221293171394,24.44965214307708,56.6399077491736,65.32005925757946,90.89806162082256,50.32112246253777,53.99122011571558,85.21961338437393,62.149009953026415
2025-06-24,52.186363045069314,62.31144343380151,30.37082945967045,61.72741053338604,70.11632454785601,82.16604129213493,54.51814581886928,48.093338849752165,85.99567441234699,65.74774702552611
2025-06-25,52.6065822183114,57.901319043547915,33.78560306400252,63.40822225802951,71.17198469680308,84.41613318132656,48.590749019552625,48.762644546489106,84.24039744080797,67.33913147462293
2025-06-26,48.722293716296626,58.85416139389624,36.08975276140992,65.87775070692871,68.69004795425148,77.81738682672898,51.37573611745909,46.61826943030938,79.06815021775684,68.79040928248672
2025-06-27,46.77196608219007,59.01964177343968,31.96180645039272,71.17935786832368,69.32963826979517,75.1236191826281,52.27346441610814,49.14069038779395,72.6130960665221,69.67045891148554
2025-06-30,43.48196491492907,59.195715166504925,31.309885447508034,70.56243454199371,73.69218554014626,77.81400709711917,50.48806344060449,49.02861354874188,66.23554272198098,68.60793313105066
2025-07-01,49.257903822125066,59.98429948663291,32.459612590293844,76.87895999614346,73.39270558224491,77.39514348323013,52.803350299023364,54.469087932163205,67.68326129528323,71.84129041591312
2025-07-02,48.959997098895215,57.10347650702383,31.51502924674442,74.54436952875916,72.77708812336073,76.02871927897726,56.0996487827323,51.086667072268774,61.44535949479904,68.3494254495946
2025-07-03,53.517831909024935,59.724874861458765,38.89901997338533,75.01712162346233,75.07247186779824,76.77384474947846,54.04799238704591,56.45452400175318,60.35672962499814,66.88101945962497
2025-07-04,53.18434804876614,58.9921184786164,34.322948040732356,74.09016507363181,75.76458978390944,77.56158623335673,50.6188710676475,62.86743017972283,61.96196568873624,66.3258359279242
2025-07-07,49.40255525790364,57.15376423888223,39.57514185731675,74.20870862679057,71.70980299822979,73.5991077547629,45.871621657798336,61.80008511089531,60.68864844439945,65.60267995231486
2025-07-08,49.80346179289873,57.05748032724378,41.26354840372906,77.50507559178111,73.89936745744511,72.97549268577295,46.17162916348952,57.07905972233227,62.17891302658573,68.14962739773567
2025-07-09,53.42953854618106,56.07271160966758,52.65161298588954,75.0073903268508,72.69869838858122,69.15069209266181,43.8203613557023,60.388168123165265,59.22759720715685,67.43256483529987
2025-07-10,52.05007926765669,55.19168977973445,51.284763030619075,71.05838164313691,69.49840366901078,68.66152082158264,42.37389090707629,54.906245582500304,59.35375127529269,65.93785742897697
2025-07-11,49.7619307937761,53.30006102694327,58.24368795822469,67.39199567814109,67.94563467607735,64.99853072517763,46.35494979145319,61.38534313871165,58.75265036031093,63.69449266041464
2025-07-14,51.38889191701892,54.116342835708096,56.80987495531469,67.3321569039896,67.83362341341194,68.63065505886028,49.71078920496938,66.92548257716314,57.65309904368324,63.19036896603776
2025-07-15,56.44072416867277,57.968432898460044,61.28159167330226,71.44580114909684,69.5429333164116,67.8289884069737,48.981331765567305,71.62051043152942,55.99880382450204,65.40831710731734
2025-07-16,57.58089544731553,56.698853298058296,63.77119453947478,69.01442887761972,70.81585141550352,70.86610890973053,45.51130413186637,70.1957181503299,58.68512832548684,66.37576054062926
2025-07-17,58.496298517555175,57.31948235490933,65.07490750297663,64.85491283167401,66.08188690931135,70.99591030602788,45.7703795089832,66.95768387998712,57.94401768648645,64.58990677814535
2025-07-18,53.15160017054068,55.573523303473834,62.19421845644947,61.05566172081678,65.88556186747819,77.80881317345687,41.928930108154894,65.45355688218781,49.18149318135607,57.3018944178722
2025-07-21,53.7594456007796,51.328745465274686,57.330993246044535,54.969538266560825,62.858146243648875,76.77802560883771,42.82376655542241,61.47587084701307,51.1458922041671,60.46560604274632
2025-07-22,51.61986294689985,49.45426320375865,53.76441077847195,52.36776809528742,57.80983016387551,67.57810596052222,41.28963403471938,54.962369738038284,51.73211376653034,60.83424030207768
2025-07-23,53.567688993005525,48.924864654925734,53.55228189742224,54.075523060725814,55.300863186763515,64.75466869289647,42.81859766384603,54.51369809831843,44.45401875784043,64.83860332649802
2025-07-24,58.99585846176581,52.912739070080896,53.22342674105344,58.024742733080636,51.95025399925724,65.34922802744411,47.435464936821226,56.87616010143536,46.36638938479507,65.61517926553591
2025-07-25,56.01905376051022,46.72987655229067,53.82064986290905,56.52425160648913,48.40779118625241,57.908714192963274,45.38240515035614,60.577665172788585,44.57604176152854,65.82545866123458
2025-07-28,55.64040213143691,43.04081557995643,54.676790630212146,49.04409590270459,43.75820106434414,50.02830908038117,39.40147931752422,62.480997147112404,33.685663020118525,61.86147350888442
2025-07-29,59.36762950514749,47.85944293112203,55.635399538871035,56.74802860136437,41.0853021666949,52.992822600813184,45.847755186428124,75.07449312357609,37.28927065307442,62.327969764490874
2025-07-30,55.49160660599737,49.23018579200756,59.04622372570573,60.690595635249686,43.962770381435185,53.756936945142954,47.20603771583543,75.28707327023318,35.20394653983769,60.25743740505681
2025-07-31,52.349088178160365,50.21534565838077,68.21322957037678,56.36028128341846,44.71211027599262,59.160426912565626,47.15415161847519,72.0891532042349,37.04146251168826,60.77113276092856
2025-08-01,47.15335536467371,46.38158027569031,71.90899828936331,44.24797033451494,39.13989644020094,57.831754914091235,39.163569480382634,55.18208823769359,29.77577994693352,56.45831496109707
2025-08-04,54.81692785180024,45.374899994030365,72.95387656337,50.01152545841805,45.781838502485655,49.41708430915624,44.15573362445953,56.430810710858694,32.903970453571404,55.167334426391655
2025-08-05,54.92808826533889,44.762014390429165,68.9151966489559,48.12677811311584,44.52287519823447,52.916575399895535,42.097366623856175,52.7384155303054,32.25091155343533,51.42458799095904
2025-08-06,50.78836796759557,42.50968138809168,62.16898873042446,43.8757000724051,36.97258370181117,45.48278936110103,40.45173457584924,42.34275697373954,28.719818260754455,52.72586559776017
2025-08-07,51.13741187256643,39.09853735705421,60.918151277847635,35.1802826262201,40.17803881686341,51.83475271855814,34.56248034962885,46.92754342023269,30.7955212479604,51.08337370194009
2025-08-08,46.93117860079404,34.36987615214177,58.7911730700492,25.107091319392083,40.03589874486081,52.267727942784234,28.927106690801807,40.208884426890535,30.266911301552497,47.62503043539786
2025-08-11,51.29780839617726,35.20504816997256,63.197371445987805,30.708287548530716,40.12032261846861,50.310219592703994,31.133050380926203,41.682201673487135,35.92685676455034,50.672523280208445
2025-08-12,54.49719927148043,37.91409776191425,64.13636624130933,28.770855922409805,41.938219750689285,55.804965575707,31.634415865151215,44.934563996958595,34.16352122425418,46.58454130945569
2025-08-13,56.64727210780026,38.48815139099591,63.019480142045914,31.616953586490652,42.318179312145396,58.40695391853398,30.949002579176828,49.793630921116424,37.11865140817176,49.170602687451456
2025-08-14,55.184421709448294,35.39001293079509,58.43735756897862,31.369451613824566,44.32500311285931,53.30401868746674,29.952202176797055,49.71230351031949,37.58178572980319,51.48325100956199
2025-08-18,70.57389085114757,33.57410975470562,62.2317946769816,32.548484686102086,41.037599355544096,50.9120473923269,38.0405930202819,46.33569866566989,41.59241949866524,52.680818313257994
2025-08-19,75.20471126063465,35.8808940642531,58.05038751835738,35.21311553350098,43.07219473264819,56.40907754183513,41.68011584444565,44.06191363127881,42.045371168579635,53.12716353242921
2025-08-20,76.67567203191025,36.049870760657925,66.02904605757826,35.39940505755836,50.032386517664186,51.283345650269986,43.46228560058193,46.463501703344384,42.88742165155998,49.90941538965789
2025-08-21,73.34646278128804,34.61613047624211,57.706516813569884,38.72156818384716,51.75759193751222,51.83067185262173,46.517953335825894,48.76753715542086,46.272199347733384,49.620500565107115
2025-08-22,72.96640305685845,33.62599253383072,55.498064845631326,37.99538009664994,51.35692636282552,54.74532028191437,40.899990778108815,52.60201707524609,41.74949722731627,46.4800955746708
2025-08-25,79.25967310839609,35.700822506974525,50.20248696485251,41.7142279133478,61.11028451725612,53.09452458466678,43.37731962535869,50.655139716989126,44.99473531718203,45.39671442284848
2025-08-26,77.5941925842067,29.526767196918343,54.99768595804956,33.64988364806764,62.62065542568222,47.87619919295395,37.722254443507666,39.910093198359036,37.428962916020275,40.52554666597327
2025-08-28,71.48606946548517,26.517604720363323,48.33337692526051,29.685923629080417,57.67710501828207,46.08486201703469,35.72438083597975,32.293111148186895,32.65869906254643,35.455510219104184
2025-08-29,67.0442986568775,25.99466037581421,50.90004667575755,27.78809334653434,54.25191952414256,43.8322103422938,35.65496341160082,33.74028896082504,28.249376389111287,33.44012118633257
2025-09-01,75.72384203453578,29.58523119036402,47.72981244245756,31.881956907198976,59.87297368218554,42.680942703951864,37.88935605058371,29.90626507999185,27.035914574358827,36.71174840119013
2025-09-02,75.84159566833173,34.905221551802015,56.70944684246978,35.30016974555403,59.6590418135286,42.57665556223714,39.18976320575342,29.513772430191025,29.031147615298174,37.26164466174908
2025-09-03,76.39196086137467,36.33299290897299,60.9724064401468,38.46989269052871,58.18666931657861,42.48432198540158,46.46371942475351,36.416753716101155,29.292736024669765,36.077836051449694
2025-09-04,81.66423105769674,32.83578099550006,63.814103008754245,37.56297298036084,56.75008907705801,46.37757309915148,44.75095793911836,38.749160390759975,29.118047214081656,36.68992726115055
2025-09-05,83.98043864204199,32.546408558766,59.72778206239317,35.8841009089703,52.38951997801951,51.13363927453196,46.114498343462344,37.86505059997494,32.17611434087917,34.88364594456121
2025-09-08,95.11206866563113,34.32495458056335,62.98495463075046,38.217239197753415,54.77927630473338,51.48314102213586,46.72292369799955,33.416616479037785,34.41423626404788,35.413186804646365
2025-09-09,98.05864311196176,40.67271181481098,68.89755739254235,40.63081703626122,64.58368496223083,57.415531137405665,51.4353479884045,34.03541369661838,35.08391376386751,37.234138233126416
2025-09-10,93.20832027222501,44.8410823492019,68.77362825319456,44.194241177812,72.52235270703832,61.94227626039239,54.80511886765722,32.363785817686804,45.10624208573126,41.21208103181431
2025-09-11,89.55290927970562,44.719521517054226,69.05130323534536,41.805694288885434,71.55169609154957,63.22377320684931,53.374160494412095,29.581156872197194,43.00406712457232,42.38544789810022
2025-09-12,92.74224081078216,45.45311141541588,63.820436492582424,40.251170490733365,71.37763766297725,63.83601572579366,56.26659801237268,31.781408316416698,44.628275939508335,43.2692519729556
2025-09-15,92.72401626737711,50.54311382082858,56.854498586900405,47.2905415307399,70.88824704026028,62.13846970509973,60.46874329052932,34.7926448373435,51.78067729059155,45.052190642052096
2025-09-16,100.0,54.778952960873184,50.00216066557163,56.56038233769246,76.71657503158113,64.86850119894504,68.04338370777873,48.67697421160444,57.49019859051444,47.53232789357567
2025-09-17,96.14485895427418,55.651278569047136,48.90533914179071,52.44047740945037,73.04783329200268,61.409395537374955,57.98533308863579,45.727005635359454,53.53601092402206,49.47064134741132
2025-09-18,94.70352422249586,53.839116016341116,54.072307231513776,52.57692228080576,76.60418693187559,59.98656787167297,58.448266005630245,54.89634432480256,54.08164917218404,52.26288998728536
2025-09-19,95.06616828866193,59.35137518352661,56.244378978027356,54.659456130002326,79.2187481542902,61.57712713423624,60.35302795240297,65.51580121426782,58.02226014783896,50.08576692157871
2025-09-22,93.6725600186328,63.11502608155065,53.66338278995867,55.142474524843585,69.37623843554881,60.491054375666096,61.31183297431605,56.24252136852369,57.68493312894035,48.577242889898464
2025-09-23,99.84994343149603,62.85743624255136,48.602734993322,59.72099386020678,69.44879209530825,58.108582101645254,69.25533659080939,59.55959514132878,59.046640195657965,52.59139127992813
2025-09-24,93.36109275980705,58.56210085273543,48.04078399133733,53.63788136196786,67.73682022641353,56.52638975610789,66.45653461157217,54.34932276152615,49.881371056455706,48.20236934498722
2025-09-25,88.63626606991647,54.892053111586506,48.89321321898349,50.16939678032604,63.761659556529494,53.453207320071904,66.3366482538336,48.04998673947426,48.0438399254654,51.094606912049066
2025-09-26,82.52230749852274,51.82669874321737,48.64186227251812,47.501668608312194,57.91781872149985,49.09017415014336,57.295598482455745,32.0888324967414,45.76178846118196,47.869640274577584
2025-09-29,82.21182586832761,57.37820620580278,53.70784092180754,51.146453625635445,57.30417891345557,48.045764375504554,62.781295582543116,31.47530817630259,49.480482042333264,47.5850244191274
2025-09-30,70.17257948150325,57.48169997215478,46.385598457378286,46.55695926558073,58.83220844007921,45.928695383033016,61.542754936223595,32.46044395863464,43.81698416852835,47.63516316997417
2025-10-01,67.97020504022099,55.86565077047428,43.85529528912733,40.91863423775101,59.372261744789476,53.130586341841024,60.49902030312309,39.175201956824615,44.508424665498914,51.31495422987602
2025-10-03,67.74192066880346,57.13997511672038,38.09946735806008,42.968822273688296,53.516934235367174,58.57980554783981,65.2069529654095,41.50172948303874,42.06201781770949,54.504611172254215
2025-10-06,69.85969449775611,58.212637632865096,39.94259568633002,43.62363280760536,58.9659919995897,55.41339291098998,62.1445165068446,37.65930529109351,42.51069184599595,57.013090193292285
2025-10-07,70.39804990635592,60.11533892291195,40.58891865702387,47.730191769313194,59.92714397681781,50.8046258897593,64.05104373245068,36.7090651691963,45.81452536787509,60.60440197215195
2025-10-08,64.36258591849406,56.88672175655606,39.64436478181613,45.196024112736694,58.97270582967407,50.91905238056046,62.23403077773011,32.2645160490112,40.69361011367403,59.91024530283936
2025-10-09,64.9232160185696,62.67814907745921,34.52206156213114,54.62794397213507,62.55192142751748,51.972521951545424,73.2293217858801,42.56179627254275,45.39966373346181,63.4769837120624
2025-10-10,67.29095757626841,66.03271047262986,40.4631162128485,58.088086838589234,65.56973973521163,52.952353421582366,71.64483959323343,50.679038143661,51.183363372652046,69.25587357571874
2025-10-13,69.95955219769552,65.28291437170483,30.69223805941734,59.22490722183262,65.43504893055174,52.22674242835218,71.91885522871056,50.39039523146439,54.05076156246101,70.38973618210034
2025-10-14,60.61306346074418,58.49138190485692,29.450794054714425,54.189232672516205,61.37639364733414,51.07001409443702,64.48795544639788,48.13197152439101,50.06101594987842,68.68015731239768
2025-10-15,61.346212083546526,56.739312839396106,27.731215350243556,57.00003414802235,62.09109307996056,46.48281925118415,64.11894748324481,48.68547229993971,53.828126371722064,71.47678720213594
2025-10-16,62.78229139691226,56.285288929845954,36.370450199428554,59.40280283977544,64.24609939825842,46.97392705499586,56.391715865002,44.30256992663456,57.09028302777139,72.23738781026825
2025-10-17,61.78061076903898,58.658508690418174,41.853988566558925,63.813301456004886,61.44476881155452,43.88585700619764,55.15061723000668,47.63333024866333,58.92660952979121,73.78764405741795
2025-10-20,56.2129433717212,59.779277419735344,48.2946036460893,69.58890173926616,66.84897344728901,44.41840016991174,52.532635990296974,50.589634355080506,62.04408747944628,75.16153734103726
2025-10-21,45.49537856108026,60.89005649847555,50.14655287780003,69.34822750820815,69.39123020439234,45.97933866338534,53.02016429032959,53.32754468967346,61.4249565815995,74.73154410493613
2025-10-23,45.82060068023049,61.39265488184507,49.80406804922455,67.28851536534462,68.83953963570852,47.06074368458282,53.201659898624,49.42669765547447,62.63000740343876,75.83848363230517
2025-10-24,49.708294536280874,59.294917566673554,43.48287005657475,65.94306495782818,61.964436714347926,48.132384655726185,56.1035892033092,46.29700312029842,60.914637846018714,71.81818709487405
2025-10-27,52.47023527791702,57.22455641754046,42.6874266458043,70.44653383474999,63.674726421283836,44.37440721267542,58.681561805181346,43.58278308701651,64.07263714814377,73.18854729317216
2025-10-28,49.873641008012996,55.354686550536556,44.19278026275475,70.8210886630891,61.55975033644084,46.46283694601846,60.39164314262474,40.7661920294228,62.0028137414667,73.71950392698699
2025-10-29,47.77772730815336,60.05256858631592,48.32885941645695,75.41351993588127,64.47634288557542,52.09041927626503,65.46486459474465,46.73054703243717,58.544663565402665,73.55502301014593
2025-10-30,42.446944837770985,58.51990916520145,48.81871842837775,68.69066589501082,61.719389249799775,49.93468742341246,62.274650851315705,43.84869686102999,56.77531553395685,70.9048197847452
2025-10-31,41.47804506819227,56.964680481864875,50.03374522232609,66.32648982457492,59.744485581462655,45.46054185017735,60.86053627225617,42.70887403251676,55.75412763228377,68.27428335191824
2025-11-03,41.61331211948189,60.144054372383025,47.94183016333775,68.08545911853794,57.44542579612914,47.07287935183578,61.07348237726914,42.056453804191,61.050581836366824,69.09401140002286
2025-11-04,40.00808741520514,55.583202292054025,46.89613236320188,65.24560592309562,55.49143416724124,46.76454180615337,55.48284163960652,37.82283435743368,58.19076179670686,69.29294092938066
2025-11-06,40.82549991625197,48.37449042463863,47.67204147135698,62.04552744529075,62.96106076762019,38.33879503989381,47.07770356225951,41.873911414213225,55.34145221296451,67.94137791378725
2025-11-07,40.66382753136119,49.39026247141921,51.324073175735826,56.38869317789494,63.07700720093863,39.27440603180414,48.486951244024766,41.20596209830349,57.440408729867734,68.48524946701343
2025-11-10,45.030307353221176,53.224937622379755,48.459026922914575,59.21518587554291,68.53624102164991,37.84631648045293,51.85548249511627,46.78938132871264,61.66717248158447,70.49165048734834
2025-11-11,50.96800776211295,56.23764675118272,51.33908292521071,65.6578788040082,74.11679861535265,38.74824448308868,52.584349678934814,49.28263344858342,64.0095778430553,71.08879226095083
2025-11-12,57.214943312804536,61.28194818338425,51.26444579003886,68.43823776595706,84.30493692589857,43.22763193935648,56.428554028262035,61.03228803960348,64.26002531223972,73.86170242591515
2025-11-13,56.3153647620848,57.680829813025326,47.36292850964271,70.19166037120993,83.05647595387428,43.63077661209516,56.853844923863285,63.284725520687516,63.557614651933925,74.1015089966549
2025-11-14,52.766423616922154,58.903214966968086,52.08591756997231,73.67561524191369,80.23723677140626,46.736761867658075,50.42426546182362,65.87385885378512,64.67872906998869,73.3536781883904
2025-11-17,53.505724205859195,59.374706582641835,49.62570001828953,75.93580204818063,79.53473731844201,37.80556535675487,49.30177011787991,61.90200919775138,63.75481691029534,72.37627831451402
2025-11-18,53.08194951228159,55.739595433670644,47.067730532365175,72.12382158441652,76.63295420730125,37.54881305171388,40.813337961865315,59.35092164433352,59.796992366284954,71.05348336458346
2025-11-19,52.75204768872045,55.07152919701619,48.15269335220444,71.13108869660844,79.40051525356789,39.41320883834271,43.93133533840828,59.29320090167044,58.08903717746416,70.04844321493458
2025-11-20,52.90418496942942,54.690721184632615,50.89306117076256,71.69387316052695,79.41692584746053,35.99764170907176,44.464460143743864,56.46858545302731,55.14497244267134,69.55585257411109
2025-11-21,58.577289035034774,55.022641188099676,54.243218715208066,74.39164643171205,75.28940003431896,38.79679802742576,37.763698148966064,57.517108749535836,55.04932189178543,68.1530809915866
2025-11-24,57.485452695335646,49.90471999038601,50.03423559267078,68.14397182513859,74.61023697320567,37.53582875027261,27.89980460954981,51.970715736982456,49.11495119117152,68.22913775737854
2025-11-25,55.41983641590762,48.20616554824141,47.558543364995906,67.81228783740613,73.57786084614656,35.0090358415124,32.9480067354399,48.85975991691425,49.63370509934532,66.20938469018257
2025-11-26,58.26409673973427,54.29925451466413,53.39419766128065,71.74734520073626,78.20504062886158,37.98909180493093,39.910733884789124,53.23623579974335,51.13147645138577,68.74812493271445
2025-11-27,57.391970477366826,54.03624506490118,55.34426779757875,72.49672296490114,79.69639744203391,42.874947212086894,42.27638950272398,55.87199109432406,50.88266713350259,70.72842364985983
2025-11-28,59.68113550489896,50.04440111164483,53.127149890441004,66.73172317166265,78.62647305609562,46.24475117121118,40.33458514552264,59.10810271954976,44.75535296695292,70.27793328822129
2025-12-01,59.26272926169347,49.53705453657044,44.17024807459077,63.109965395526736,79.59554131644371,45.65004064651278,40.793797728618046,57.27460062516514,39.10673305475002,66.93489871675521
2025-12-02,58.02288944047129,50.46099096424762,38.1012387159326,60.996734064522606,84.24404851038881,49.823400927814625,43.01703742469725,56.15753486311351,39.309459059028704,63.859688856534646
2025-12-03,54.83239515595217,45.68730189789395,35.24815973344064,49.5302103395122,84.29877762438423,48.87507605988975,42.070210495076125,53.22361713614738,37.695994073461314,63.07433473823577
2025-12-04,55.33678530794823,43.59683346076509,38.13577477398082,48.69783634777195,88.52705425633893,43.239810821934896,40.98393161239341,52.53961776824395,39.293032215184645,62.776476194738706
2025-12-05,57.842008070618455,43.41203745656857,36.32289275181364,53.656284015992995,85.66494125088616,41.07692006583024,42.832384043944685,52.255723282579844,39.62206717144698,65.29598340772822
2025-12-08,55.378107368316364,38.31566852442169,34.11284901276849,48.75349168991171,86.0085698019837,35.22215514999116,34.11528332100172,48.81337599057425,32.53229718512559,65.06762309016449
2025-12-09,51.88505223450821,40.10680552225334,34.79905592467694,42.931208172604684,82.62571551649874,38.607655860171576,30.317687015616475,47.937311155683176,32.02644544866121,63.87388172430898
2025-12-10,53.139072688442255,41.19223830293577,37.6443788959269,40.69980347300847,82.08494240265964,39.840471702944946,28.23203634820753,50.028363070032846,33.69585982785296,61.71217730969778
2025-12-11,59.73411813879185,35.43259507097453,33.472832605589566,35.860448422584525,82.78169235453402,35.1528339708513,26.646689827862474,51.5135278323515,34.22032237291802,62.32169837063086
2025-12-12,62.1654271719059,36.90829992868418,32.31876784629672,43.757805676192056,84.90738285421156,34.92883696727891,35.93231983744309,54.47568418858858,37.2872695277019,64.18004553847243
2025-12-15,58.25783694863335,37.42704964663153,36.52306400348739,44.588582617927386,86.21524541059577,42.901286539456336,38.8739581872404,54.241400350307636,37.14266319281887,65.55262357344492
2025-12-16,58.33882873181094,33.780268977837245,38.54063700083729,42.343248284153276,85.02107255603843,43.15174390931761,35.573949339051346,47.741828292734404,30.30120713711212,61.784607504470635
2025-12-17,60.208512726262434,34.68353892117592,38.64387189454371,42.90528680105979,88.46656957965591,39.596801693242426,40.459019462625974,50.439889330683165,30.048011390301955,62.04975194835215
2025-12-18,57.348424129051715,35.847893629919696,38.4298444045547,43.91663849713016,90.80363722882701,42.408546684827975,47.244753994612495,50.31135853657243,33.711698753213184,63.182653475251
2025-12-19,59.30811417017539,39.339243809586755,42.56773723893402,54.90164604316063,92.5158007920349,42.877515005115455,43.00277634753638,55.56459222680953,37.67768843722496,61.41611139376531
2025-12-22,60.5878394748333,39.94001755716061,45.19821903306306,56.44588246467015,93.67270536491127,46.90714321039501,45.409876584068115,54.322150767145516,37.480227770143536,61.62668078594573
2025-12-23,57.325897654506754,40.84826408258547,47.2740499541415,51.990035682640446,88.88022082446658,49.607335801424554,45.26595874922536,53.661768485113804,37.88360838922619,61.25620025271109
2025-12-24,53.65038675940453,38.21829940750439,46.21462304157392,47.9686592812467,83.16729417675059,48.7278053240644,46.57502184782143,47.33303718443784,39.72153277235333,60.765093812059035
2025-12-26,53.487653806700685,39.281022690544596,49.86565015535578,45.05724518347347,81.71951994608155,48.841005660746525,47.71296176493911,44.50571708563877,38.779552576042924,59.35607982757276
2025-12-29,53.3087856523106,37.02447316236756,47.81078586083837,41.928224262488875,82.67251867527834,51.794221707347255,49.889156235924595,40.41629140576835,37.182496414010906,58.45258699747705
2025-12-30,54.51612698293458,34.96437496547493,45.319970658871405,39.822462874126316,80.39050852737275,50.69836505145064,56.53315844281978,39.32297861178025,34.44930128411225,57.78693790099789
2025-12-31,58.517016142019486,41.45887489385908,50.079484929618204,46.10626917460418,80.78374089791423,54.981109323884645,63.53584931701203,44.88325651927001,39.504286664248895,59.43062499279294
2026-01-01,58.2660563559647,42.881821476126426,50.97851992917373,46.194756525956414,75.9715185049953,56.06405321768243,63.884752521588375,44.757637826309164,40.41725089675643,58.998366245944666
2026-01-02,64.57024491142298,51.725068362539474,27.279078308742307,52.3999598850946,77.11751447621607,63.47084551906427,71.28422490016976,46.53776810929705,46.201599553864895,61.34287632114518
2026-01-05,65.67455154775533,53.050408157561414,30.07668363004458,51.32302261530574,73.59986582493624,67.43722368914281,80.06144016855495,47.21930725448385,54.399086318890774,63.45021978489094
2026-01-06,67.15329637569035,55.265859040696796,33.9218542542818,48.50060014382183,74.1213771744771,65.91045138511645,84.92926749948785,56.9911499104114,58.271628153708974,64.3750870712665
2026-01-07,64.97283036722612,55.104721816847956,34.28040126260242,45.21631267347683,80.78341333743751,68.20872844541768,83.29505896930105,58.455927106395634,54.13917669651593,63.747358017297614
2026-01-08,60.00388417124481,40.294815179405504,28.82459795228477,32.4364910386953,73.7035279755781,61.62640243312102,67.87552348468277,49.340782656808535,49.67554751026223,60.616801006207076
2026-01-09,57.416766017421914,39.60143011573303,23.87675626877714,29.76665403064398,74.02697495925071,57.6528755414745,67.25589735389829,46.15778936411793,46.20750937252781,57.222036587205324
2026-01-12,53.77154856689056,41.860603019615105,24.68998343043687,32.253919367225684,73.7149575913428,51.280873708238126,72.59509677237443,41.476135179730015,43.354822697769116,58.01297477935634
2026-01-13,49.76481293536273,41.424023763948036,23.848358330807002,26.75973327510309,74.79851414318657,54.16311536846885,71.4299664983805,41.0715184768543,43.9999074945419,59.31618001882425
2026-01-14,46.94234510036125,44.255583249809,20.969554575512642,31.013304685951155,72.03338024998122,55.44315052940129,81.11334020586143,39.398205429264124,42.33964494479841,61.50266277868721
2026-01-16,48.984445955372124,44.63555781910561,23.962579870123403,34.673110108356205,79.28458847299143,53.48476375093368,80.56071660808254,33.21977309309662,44.76158754405094,64.16684129868293
2026-01-19,48.51708603162209,43.972967432433634,26.27900216530619,30.980053942343616,75.2874250343537,52.605456529412756,80.55156757741176,31.333176056014462,39.39629987350587,64.04320896295576
2026-01-20,39.02931187031973,37.813431366302225,21.010526347016587,22.134403080209633,68.23554595864601,50.43326548577648,73.85136689948389,24.508988009460676,28.51842050230736,60.527295163369054
2026-01-21,41.85029126178529,42.72683892873716,22.5151200368799,28.526685965966376,67.12086003455437,56.07461125395934,81.02114603399532,26.697842474811956,33.4479622065243,58.648111342770505
2026-01-22,46.5649232762413,43.57762548327906,27.181592344840013,30.091461090877264,71.62229824957286,60.056838913968406,84.89334829961999,34.96258745670919,29.238934673931965,59.96219099977018
2026-01-23,43.60354722931434,37.37510489507236,25.328317325409945,22.548716623374972,73.6619019591942,52.223106187435775,81.12323837976055,30.41605784952442,22.746165510036317,57.43344080603118
2026-01-27,36.38960837122272,38.3273466493952,21.067697674047952,24.433371417352152,74.16759295140251,48.48096626008927,87.79657064077968,27.962466399083052,21.57430548175281,61.07352016469074
2026-01-28,36.572258047205914,50.6528527061411,18.364529551542503,23.840764505887517,73.86176032094939,54.427456602826894,87.15921195115693,26.28590313555718,21.717647293813595,62.384773890737286
2026-01-29,36.76279889679371,57.316685116617585,9.48736371467578,28.221746328077074,70.73266000111217,49.23560986976225,96.38690568787787,23.912033121832362,23.01282431409547,63.64356937869095
2026-01-30,39.47870221584414,57.70704751601728,16.417471979967736,29.564329832074037,69.6381794387069,54.21957910680467,81.89814644688158,28.649484830657396,27.388246353365414,63.43979521410634
2026-02-02,41.04808845770005,53.16692016101365,13.848529813957667,30.343748944109546,69.82980648543092,54.57771302418585,74.39458743122728,25.36613675870425,27.966699153384596,58.5158274346633
2026-02-03,50.649743261317134,64.64811977472817,12.64275495514192,45.09622548912019,69.78561537587072,60.15966760166884,80.93998853104235,38.09407073830972,36.67320821538148,64.8664547354742
2026-02-04,51.020672634913325,68.9894371007392,12.98806595500377,50.0780116948181,54.28067170770131,62.921215047164424,84.98023278999591,33.481311382302735,36.29412027115744,65.70578960759471
2026-02-05,47.645880238426216,66.52592464675726,10.321753179666066,45.845870028231104,48.91585235567163,62.227240237837044,78.52714629486545,31.602531872855327,36.33688880600937,65.25557360397998
2026-02-06,45.57662822520011,66.72736904901896,20.063676827909404,49.13605659997104,47.126016296293734,59.61003852596547,77.29960951652014,29.46375490030243,38.4052411579865,65.48676506909274
2026-02-09,48.526732824188265,68.56718804623443,22.88358640492863,53.81657327507911,48.49493760747413,70.34682487788345,81.66629671681405,38.41768186936954,43.74130888878929,69.15857007779535
2026-02-10,54.706577557463476,69.19260314497407,22.51369558416058,55.06389400959799,51.34200861685485,78.42098454584901,81.96742839896581,37.53671980607728,44.41148963318619,68.92528936078476
2026-02-11,60.75803921852874,70.59035821198339,21.703463458120304,59.872336305703286,48.209662882482604,77.16786213127162,83.15554575512567,43.66015109166637,47.13327287697065,69.43775132029431
2026-02-12,57.01780421101969,69.58001483878749,20.850852931354435,60.77850632319481,35.51077929777165,73.3995004527261,77.39502493528171,43.46608850432615,45.611568895507986,68.26552714416601
2026-02-13,52.06231355233746,58.63679968614684,9.60736953117171,50.93678900493518,33.69358900674008,68.78898366371193,63.47121729638366,38.14747230477949,39.91930399533983,64.82767528508153
2026-02-16,48.46680756020462,64.91847400062439,12.989840538008984,56.191642704054324,31.242374039788185,65.87988491605196,65.31656996018681,41.61732465162446,42.90185882589688,67.78655520168071
2026-02-17,43.27528658979042,55.69876505093685,40.368650606251485,48.946045623838444,33.39816876873532,64.91704212838275,55.465194741112626,42.604834326493126,37.446175134119855,67.24881337661157
2026-02-18,43.65026413396198,58.71242288824765,42.817447486434695,54.260823314045616,32.7389877742145,63.68113313410399,57.47880418240195,44.05427035582208,34.69705207840549,69.60893641563499
2026-02-19,36.86662370414485,57.43698762494146,33.661273781130156,52.66640670362225,29.04549802913329,61.02434906118408,53.16045545566844,35.47111456507361,30.071727487363425,65.2910381979535
2026-02-20,40.39868837460618,62.74118477017523,36.19341011410949,58.83259421276252,21.588262585212075,59.567891981309614,56.91177209710615,31.994829242198268,31.09475625565316,67.89748461821175
2026-02-23,45.08749899413501,73.3345783234456,42.53939905648835,71.45161532286527,21.765509634431513,62.60972712443555,65.41303704663571,38.83741497302195,33.175373507468066,68.01488823835827
2026-02-24,47.9301348389499,79.97279819992157,49.729694836427754,73.08957326277493,8.81848038286731,61.60523748043559,69.87818946549503,44.22584984800583,32.4533040358904,70.00831240821195
2026-02-25,55.829897475009425,80.32158250673099,45.277873821482586,69.44763906903788,13.22694098543151,67.28546718223475,72.47883074322182,54.51479047448282,33.87696737972905,68.8010382638644
2026-02-26,59.45901421167819,81.24192251871358,44.59048090333266,77.22203473300064,11.625802135913156,63.06446640335282,72.35016590514914,61.046161253534756,35.010564367019,68.14987002110342
2026-02-27,56.06909349781974,78.69284565090862,39.22634934596296,70.14167157918789,15.720099656740768,65.4419675262788,59.71918264880438,56.010604762623494,32.315253073905154,65.00704888827353
2026-03-02,51.14890952720892,76.92371379315169,38.265251776297944,59.48459386679379,5.4739891035350405,62.115736460124396,63.077883125123776,62.48327546394737,28.66327423449833,58.83511464270439
2026-03-04,42.96577552116127,71.63114819622966,26.437776444730645,54.03638750252892,7.614853435538939,59.19369399539956,51.142889164910045,59.35656303644856,26.336040535716215,54.32451816677579
2026-03-05,55.64147927279405,84.32182514035473,31.957307478197222,72.45144189212044,8.748269856747447,64.90729232700966,62.33819210515087,71.55058169467922,39.12634746417926,55.559218741876
2026-03-06,53.910013703221736,85.62012301367389,36.46807210514942,68.58385376407314,10.237714706200038,65.33231935805163,59.83037131698092,74.51942471884043,36.36599038273254,52.1956752851476
2026-03-09,38.18778920619552,76.92427632871383,25.817942587310817,59.923067218144,9.861997817847717,55.93428378670641,49.32224519863982,69.4460899845953,36.053622177863325,40.06447816698358
2026-03-10,51.416793958902694,86.00514870371875,30.708289155448533,68.13699031165864,7.980335928432633,65.40952935956065,55.13396161082243,77.90609051337287,45.44122031455468,48.69283877240085
2026-03-11,45.63964379350507,86.78856979651408,30.570818513854864,62.31058095601294,3.85901629425403,69.17803027754303,45.82408801815651,80.28754763244493,41.87293441731304,38.15932966648164
2026-03-12,33.38135509181815,80.34914455791136,27.142890187839825,56.89803442870822,3.4116242904314538,65.69259280746815,41.153104155722524,81.61583020950937,35.96948270307187,33.56684628279065
2026-03-13,25.250520415762235,68.21989325962855,32.3834009072428,42.113200608943785,2.351228312366933,57.68940899946834,18.300462729224627,78.88040651456852,33.06358503936179,24.880395806986865
2026-03-16,27.09145190913838,64.7477900495099,29.533061919580888,39.277315624923766,3.6161665698829712,49.935098873973324,33.62521659726433,68.35471459945228,26.331062632245395,29.685381798820465
2026-03-17,33.10397009554214,71.6927828686322,28.927606726376464,43.43121477042302,0.0,56.50872100081584,48.58848232570724,71.10082428471854,30.912117868138317,37.232214433373336
2026-03-18,32.17893491215257,64.20248450408637,29.561734448194372,37.18834777513186,5.062013638500699,63.67758701734713,41.23700833965353,61.0140245788552,28.85224161971058,34.1652744353209
2026-03-19,16.209292316141045,55.165745924697696,20.17571297953196,19.355566687093624,12.7277555338255,55.483180925677964,29.217975732384843,55.28957914965742,20.01598277943081,23.918404906779745
2026-03-20,20.150698851217328,58.35023606754248,22.27705894504593,25.680991828904475,18.742851484786218,53.76693239132556,36.14371964886002,63.092760957997406,18.511148947361196,23.228413547384577
2026-03-23,13.38569330803599,47.785561485368085,1.5954885370361906,13.889345888429766,23.305814790960756,45.13674484982725,21.992877256144666,59.03743782961287,8.20698497163442,11.527848410869847
2026-03-24,17.383497353578527,47.993106694002314,5.1164620875212545,18.0745958750757,26.589843379129718,42.21504306095602,22.30509363565065,55.16533743806278,5.986394081943575,15.723294813971442
2026-03-25,19.102307226820216,50.70370695379102,12.606685053693756,23.900741676583657,25.254715521855008,37.96365355348218,26.933912975183922,64.07239059266246,10.388685720762682,22.437623872846324
2026-03-27,6.704838630624871,49.348095216161525,5.5760406927618975,14.662444900505148,29.9765812930923,34.63831117218429,22.362802015070162,59.49080995454451,3.2341383120214395,13.800140067210037
2026-03-30,0.0,49.00191547545526,0.0,8.170414396105832,39.8473547512183,32.20913224676386,22.771398797936094,55.14667736422479,0.5789237116040269,0.0
2026-04-01,7.413146829176334,59.53957087242373,12.430868407285711,16.470850352875825,47.267561078823675,42.532646878499506,38.81526793548588,51.630924825281134,8.657981145497033,8.843376133444089
2026-04-02,8.451512819808276,52.2846720000142,10.537612916708763,8.36095391366294,53.43649613834754,44.332674503275896,38.47453156066105,44.163180076804395,8.361395677893523,5.661791760794268
2026-04-06,9.444632281935021,52.25728290471289,8.921663606504772,7.855201280602938,52.049994775244734,41.39642052817015,44.54229946743861,42.13276321960715,13.505651800484642,11.290718820747896
2026-04-07,7.539118524735493,52.75346513315194,6.799241158070944,5.846414638883067,61.55044245809016,42.90805613515103,45.73042579281548,41.81767120777661,16.327935333693677,9.547833112095457
2026-04-08,33.64977456958226,61.37036920734727,16.28351942170607,29.66403686694672,61.98771460755601,53.37423264883291,54.463565672886624,41.474884511772395,34.20363132505868,30.271301465897693
2026-04-09,32.38478638223936,60.82191446409373,14.974186630340059,23.865305773684927,65.96899895778759,53.030056970593755,55.614547002236826,45.22895857712132,33.33378586979814,23.063098646097256
2026-04-10,39.08674994430765,62.593852249633464,16.54376714289882,25.116900305703144,63.50376158920636,57.33762491833735,58.79350883983433,42.448389007079946,37.813384654636,29.48054610339706
2026-04-13,32.78152753447255,59.780755438558955,8.1368923778746,23.79267127956708,71.55424472236112,59.515466989981014,55.10512323603298,39.87532113727637,42.37099940045954,28.0138088273439
2026-04-15,30.219795771695747,65.54440218247969,15.352135522421817,34.799039380929855,74.43314240437172,63.20829143324266,51.60404794283691,37.42346563234078,47.75712607905033,31.08164278235961
2026-04-16,26.130937951790905,66.98588590034207,17.509077882183632,33.97986678723666,76.58176631653194,66.8934833745523,55.379963010943676,33.860034855900736,48.54964282680645,28.912278741396406
2026-04-17,31.28734639671557,73.26546184676349,37.50351284087679,41.67227509113037,74.89879984224712,67.69757767473294,62.640564340574976,38.88024347100156,54.17524911775191,33.90136887787209
2026-04-20,38.95804267084442,80.77053263449142,38.582121712361804,52.5084736061095,74.578864799256,74.09071294291766,59.8188665881896,36.70522504991882,55.43374039414033,36.34866307004268
2026-04-21,46.208573441368,88.47608067833296,57.86199408428391,61.55047097964418,73.58196994358963,83.34157208639517,70.25794619945788,39.04581098605593,64.9981575778463,45.42609838449594
2026-04-22,39.363280254739735,88.69925733134474,62.93108151976736,53.74350899892285,65.72688158930842,83.99303617998403,66.08169887041994,35.212566966639194,63.7054136557023,44.47687570547418
2026-04-23,34.16839860867456,88.88574419917018,62.5277013903624,55.51860591354993,62.189521253589334,88.17261423083524,64.71965224323091,46.66477168984939,64.37621178943955,46.39791759536176
2026-04-24,45.545270138680436,93.98907224749317,65.3794344855339,57.973845446633334,47.87797799055592,86.84219360592952,71.20280154236262,38.90187957627186,63.22710276750442,55.66139044212076
2026-04-27,40.57251142710518,95.78604689302664,64.49471641860661,64.73226174342884,55.16019888900851,89.35759106047699,72.49390136530926,45.077954351384605,65.86796473350593,50.94487734609665
2026-04-28,46.42290322151515,98.09388578087344,66.20595917685151,70.86670242553349,55.30480195959871,89.64915871511043,74.20391258596231,41.54306719243551,67.47186631923364,50.66395271732809
2026-04-29,59.841757284997655,89.14270711471494,82.0107336965411,74.11328661006682,57.266610027497414,86.08326118202505,72.97580461604991,43.13243140397479,72.72002377703537,52.28515961103063
2026-04-30,68.78190014846227,93.64392299987898,75.01640222156047,80.84159868467141,61.430617501689774,92.85362714364167,79.71462582416785,50.062571109534815,71.25965961901302,55.48388403810118
2026-05-04,65.16349547022631,100.0,72.38022406449947,85.43925765470854,59.7697385264871,93.33817895676403,83.14098186186999,60.14558578897054,80.62092747848638,52.08644259569265
2026-05-05,61.33451704555569,98.21751382020032,81.49929151582694,80.38561620377561,63.01573986674871,91.69433391132775,75.77692020290843,62.06830227101443,74.63126240379349,48.054048322221085
2026-05-06,63.06005904252011,94.61810378848118,79.78452623928561,75.22687780794922,57.25288319890826,86.47929408585782,79.21025704466085,71.54927964781311,74.69857723674627,55.293677992104286
2026-05-07,81.25544354009389,99.47455086177366,83.0035642084404,85.37470024768349,60.99816690804617,92.55879216611392,87.50052989523647,78.31273926625774,81.48017413250682,63.67708901017036
2026-05-08,78.34401534100954,94.64074893422793,83.95075612123932,81.19166139729836,59.19464952614671,94.72354655075877,80.84063556277844,70.34318496253785,82.96663543324118,59.94094630101653
2026-05-11,81.38915377962678,97.45094964240488,94.7639283409667,81.69280155131156,58.52210135923662,97.31712134399719,91.40564682339132,79.50440907835043,85.01178008242844,65.96001471702667
2026-05-12,68.54292234965669,93.80638096920575,86.3283569043826,68.79522134927683,46.972980589530785,82.942309853437,87.4359426896951,73.5171478915254,74.59987775067401,56.119721647372664
2026-05-13,59.04368379062833,93.05054315786678,81.01088797292995,68.19942046934392,45.09754714162017,81.10935857145786,90.96276004807767,67.97557520008885,69.72302999835625,49.83472211552149
2026-05-14,67.64275290424462,95.83764003728164,86.7943702807145,80.20564080601812,38.913593889588896,84.4698756402926,100.0,79.48259167901772,76.06940206864454,60.31575066710455
2026-05-15,73.99992352461616,95.29109590175968,96.36312397369522,83.5116786655999,45.18326233623354,95.26698714569164,92.60621643593863,85.35033057419061,76.76738222265593,68.6383562495101
2026-05-18,62.336181859165094,88.13496669709188,90.20210938832157,78.04404812870774,47.71082230568665,80.02352469561718,82.84510388367046,93.07486369452317,71.84696133797132,60.4484942674184
2026-05-19,65.8847394269165,89.92999829254177,89.42389634878292,79.3793739318746,50.05268174851232,84.61405574520388,81.71962355054973,99.13302645716651,73.10543250629496,59.068011559121445
2026-05-20,65.89132259637634,95.17844301352835,85.15049364876468,83.89693618625722,47.92231687819478,81.63933549731233,79.1731172067029,99.00233013009645,69.87025619232539,53.57535427534735
2026-05-21,67.31033840265452,95.1000410750038,79.06904407645182,84.84325718261746,41.262576239586046,78.93603277201959,75.5433215158026,100.0,68.77678012541048,52.98130220091787
2026-05-22,48.15866947949636,89.10665576320204,76.54283087588435,68.0296439389106,41.17359232760133,69.68279730189377,71.32351819716003,94.71212290863637,57.09669060058453,41.415562413175614
2026-05-25,53.41305362222125,87.13876731505414,72.82600735957789,73.80503305766183,39.30625997406323,70.9036655361699,67.71217561667487,91.36815827404534,59.8172718376048,53.68815800388508
2026-05-26,45.62244365371394,87.13955542408553,70.79114831003089,68.02772328733906,45.472606389987206,66.45659474322602,69.98963660061143,92.66452963052603,55.84274698385503,47.248095995295856
2026-05-27,57.51240764821698,92.75687720405831,75.52299905190233,76.32514507958129,46.979468798753224,75.52204285431462,75.4952235812172,94.42790324959759,57.17808179523768,46.476505389569496
2026-05-29,48.521875327264205,82.13757493547375,64.29949302946154,62.467709775394944,43.850453371647745,70.63685679330982,65.51465325093133,84.514288715102,53.62448362367152,41.758011646716334
2026-06-01,44.31621926690112,75.21492281398133,51.888940317635516,56.00095043761604,49.00489282459843,73.22276486743294,62.79276723766133,82.23412275632107,49.16266353521679,39.42985453686692
2026-06-02,46.623707034424896,68.18273162780781,43.51416230294404,50.70901576205568,60.7152664514901,70.13094009743921,60.322865578034126,78.03569537534317,49.132599483705896,37.029057359180214
2026-06-03,46.143610106671645,65.86673120959313,39.74488562469781,50.63997025958243,46.99367503696893,66.3952739967533,61.35026562936417,81.15184346237565,47.3667765644553,40.90610442324165
2026-06-04,46.40714571882311,67.60444085239425,29.069277192472757,50.258724784186526,45.808209767584536,70.91242335418222,59.47521123447205,84.1617159128076,44.62167347067996,37.87466442312878
2026-06-05,48.72746945867609,61.16988736885822,26.154330232888785,47.041957088405525,52.631886326201474,78.7367914503475,52.92672716262691,85.27449555111282,45.60687285087553,40.330626074733104
2026-06-08,50.481426730700406,54.39135676789694,25.02465332268115,43.690493274851846,52.49295090215062,71.73591615042598,47.948085522081705,73.92831687624795,43.788124543199864,43.19983285358779
2026-06-09,55.78661241884667,54.16817282013926,29.522481685175904,46.57767103407666,62.599308256649564,74.68279608769635,49.28158872340933,81.78602445500692,49.40471467288275,50.624416753449886
2026-06-10,48.810298572109986,42.376275972943624,34.23818811862747,36.613140269072424,55.77335810148034,62.9763697467728,39.095994436835454,69.67087081642646,41.84155515415436,50.58870287174659
2026-06-11,51.690878502468564,34.95785919049192,31.01669571860961,30.8189622880272,52.763971784494466,68.26626409349363,36.0141418001791,72.38673417796531,41.01775832244453,56.409007377817
2026-06-12,53.33415810832866,39.2984643694361,24.234729840967283,37.311866136550464,49.25055982672326,72.57936631491052,36.21094785609195,70.76448889100583,44.909947187748045,66.68567075076115
2026-06-15,63.304342929927806,41.49945369133305,31.14198775473833,46.497062061978504,50.03568459242387,72.25840133926731,46.51929541304026,66.25438291464157,55.728179174432654,70.37105568996583
2026-06-16,60.464508529809066,43.6853415519174,35.15408620041619,46.872462628850286,57.26401398365524,77.33783540013683,39.22502578251114,61.03635789000806,55.721652819033295,71.08758999045396
2026-06-17,55.1110273393468,45.90294786399315,30.431592319896843,49.701663459666165,58.72958814031095,76.6789788801353,41.96313774689219,58.68874443316151,57.29988528974638,74.89083414077614
2026-06-18,47.5284267062897,50.13740199611664,33.995249824089456,50.428817463489004,54.46277832525027,75.04986657232863,38.77412542133093,51.42297292356861,52.90366435724888,68.09794738416113
2026-06-19,39.03795227908505,48.423865604204664,37.569100581164314,50.3340871180879,48.538357327789186,75.08175518101893,38.41136258893187,55.058834270789404,49.423243943007016,66.49806950014673
2026-06-22,40.6981005577438,52.60325705978819,33.04459457156356,51.553753272358136,47.097583543063834,78.25115916663307,42.257787100609065,60.14934294113786,50.82632603103521,71.9278737129628
2026-06-23,44.0926700281468,54.30966045776696,27.77798152448548,56.005422574862585,41.86572502164219,80.525984513969,34.483982224858586,63.2083649528009,54.11259767524954,72.00037081238769
2026-06-24,47.430735795747054,52.92157572586308,31.111957465850836,59.60937964210953,54.51651770359891,86.15732555099123,32.014159545376145,66.25828580104401,65.1221272507893,80.87269323085751
2026-06-25,58.87942550288441,47.843557250302645,33.25523563206572,53.86959578142372,54.86527044749878,84.13438136697471,17.826111917848454,64.52303107904943,66.16251332234458,81.80129274734942
2026-06-29,50.72607121385902,47.82027729005958,30.828414703987168,44.42388784762184,58.32396953125409,79.1693305990145,15.33666597510021,59.01996244204194,63.417089466914625,76.21235371351894
2026-06-30,51.48333741048739,50.59073193325987,24.93843114753699,47.90276701177356,49.47112931971584,72.01943692370637,20.606293923064452,59.58715797111868,70.46757430147265,78.08429891449984
2026-07-01,61.2196235503383,53.15621758115542,37.77237971779556,51.58261284022074,38.324072958421354,83.54622104680224,20.6169406685492,54.59566362402839,79.9834021258489,82.33245738416676
2026-07-02,63.81197417314871,51.18475133199995,39.283597866676814,51.92886455479424,42.30186737397302,81.76946900250105,22.845469174657378,53.93357505328482,79.47412428181742,81.4890725435736
2026-07-03,58.912655910387315,40.69086650829398,42.174827520655704,47.47437591501874,47.56548280147499,84.08891284689524,24.804162529100584,61.810414909813105,83.24147038286675,79.23660672739786
2026-07-06,62.06801689791111,41.764743011001684,44.15890845393925,47.00106277753422,47.21491151849031,81.80028908376894,26.601890947918815,62.40215964621131,84.67250787026299,81.40849191007307
2026-07-07,62.27966919313926,39.868729109478274,46.08824819131107,45.63334424080363,55.10483983299588,84.28385008362129,22.264038323498813,64.99158318261499,82.13018788329019,77.38053577347034
2026-07-08,51.86485951401365,35.339793266568435,38.456483840762914,34.03870608265484,53.39199386057339,79.65488658045821,19.916319466592462,62.241347085039465,76.84347438476192,63.186449451135104
2026-07-09,49.79476789219919,33.76374956085545,40.299530533659265,39.44131508957726,52.42307751629265,85.53983882793372,16.92156831188522,65.52793048046304,85.47928451452124,67.00416445227621
2026-07-10,46.12987862674981,30.149497014395614,39.00984418178876,38.964419495257204,58.784628837479744,77.06517217583283,15.69765302538189,63.76193952507088,92.74116194750076,72.97031165903843
2026-07-13,52.67275369148423,34.18231434285699,38.77189491274058,41.17355691952157,65.4786426079374,83.40901109481477,17.958327048968318,67.29759078994525,92.0263665090256,75.52229347313374
2026-07-14,52.56390205317422,39.48409888893173,47.007147526306134,46.271046909860466,56.38625331436834,78.94876419423917,18.32125707861447,73.79082747141108,91.17392445534942,74.7830618903202
2026-07-15,52.00859037556991,42.08394282505754,41.893974566264056,47.27730776573759,44.64804626892745,77.49262295796463,14.161478372164671,79.94082771102829,89.6985464374562,77.29814345001924
2026-07-16,53.50066886565708,41.52848596371418,48.15071457675559,47.30630926475647,59.83190987481992,82.4461978074824,13.338418426280086,78.30946290121503,90.48906035758104,72.52926287595764
2026-07-17,56.559997087713974,37.84657150113487,50.353321453641776,49.17992127155169,64.46944120767706,76.28016204159076,14.059530374054813,69.80568473579176,93.23768336238535,77.48052538410049
2026-07-20,56.19097832213161,38.74344044535298,49.5429927033666,50.616497636095716,66.52585779742944,66.94603949169692,18.568379821260468,74.5827925674387,91.75629167054484,72.11651641599143
2026-07-21,61.921298342633115,43.84891624176356,50.3865431923275,54.9519294967581,67.30080246477023,70.96359564314629,25.08510700303236,77.11530688514956,96.95859986016106,73.7989847703555
2026-07-22,59.30144515487811,44.65404004637828,49.55158206854108,56.457408898490556,65.29833069111478,72.61746459006329,24.82439807064814,70.05963522215708,94.75588540148014,63.66247252704513
2026-07-23,61.88865769697456,52.266334025960205,44.55858162071758,61.29460663290986,67.51864250218244,78.99865394174222,29.96096246440066,70.44108490080829,98.15662351023464,60.47845022547885
2026-07-24,63.176470827587515,55.15694694929682,49.804675743040164,64.53613683689765,74.03929375568711,74.4672951002212,30.95984576236902,66.09075828911301,100.0,61.72685207291562
